<?xml version="1.0" encoding="UTF-8"?>
<configuration debug="false" scan="false">
    <springProperty scop="context" name="spring.application.name" source="spring.application.name" defaultValue=""/>
    <property name="log.path" value="logs/${spring.application.name}"/>
    <!-- 彩色日志格式 -->
    <property name="CONSOLE_LOG_PATTERN"
              value="${CONSOLE_LOG_PATTERN:-%clr(%d{yyyy-MM-dd HH:mm:ss.SSS}){faint} %clr(${LOG_LEVEL_PATTERN:-%5p}) %clr(${PID:- }){magenta} %clr(---){faint} %clr([%15.15t]){faint} %clr(%-40.40logger{39}){cyan} %clr(:){faint} %m%n${LOG_EXCEPTION_CONVERSION_WORD:-%wEx}}"/>
    <!-- 彩色日志依赖的渲染类 -->
    <conversionRule conversionWord="clr" converterClass="org.springframework.boot.logging.logback.ColorConverter"/>
    <conversionRule conversionWord="wex"
                    converterClass="org.springframework.boot.logging.logback.WhitespaceThrowableProxyConverter"/>
    <conversionRule conversionWord="wEx"
                    converterClass="org.springframework.boot.logging.logback.ExtendedWhitespaceThrowableProxyConverter"/>
    <!-- Console log output -->
    <appender name="console" class="ch.qos.logback.core.ConsoleAppender">
        <encoder>
            <pattern>${CONSOLE_LOG_PATTERN}</pattern>
        </encoder>
    </appender>

    <!-- Log file debug output -->
    <appender name="debug" class="ch.qos.logback.core.rolling.RollingFileAppender">
        <file>${log.path}/main.log</file>
        <rollingPolicy class="ch.qos.logback.core.rolling.SizeAndTimeBasedRollingPolicy">
            <fileNamePattern>${log.path}/%d{yyyy-MM, aux}/debug.%d{yyyy-MM-dd-HH}.%i.log.gz</fileNamePattern>
            <maxFileSize>1024MB</maxFileSize>
        </rollingPolicy>
        <encoder>
            <pattern>%date [%thread] %-5level [%logger{50}] %file:%line - %msg%n</pattern>
        </encoder>
    </appender>

    <!-- Log file error output -->
    <appender name="error" class="ch.qos.logback.core.rolling.RollingFileAppender">
        <file>${log.path}/error.log</file>
        <rollingPolicy class="ch.qos.logback.core.rolling.SizeAndTimeBasedRollingPolicy">
            <fileNamePattern>${log.path}/%d{yyyy-MM, aux}/error.%d{yyyy-MM-dd-HH}.%i.log.gz</fileNamePattern>
            <maxFileSize>50MB</maxFileSize>
        </rollingPolicy>
        <encoder>
            <pattern>%date [%thread] %-5level [%logger{50}] %file:%line - %msg%n</pattern>
        </encoder>
        <filter class="ch.qos.logback.classic.filter.ThresholdFilter">
            <level>ERROR</level>
        </filter>
    </appender>
    <!-- 异步输出 -->
    <appender name="ASYNC-console" class="ch.qos.logback.classic.AsyncAppender">
        <!-- 不丢失日志.默认的,如果队列的80%已满,则会丢弃TRACT、DEBUG、INFO级别的日志 -->
        <discardingThreshold>0</discardingThreshold>
        <!-- 更改默认的队列的深度,该值会影响性能.默认值为256 -->
        <queueSize>256</queueSize>
        <!-- 添加附加的appender,最多只能添加一个 -->
        <appender-ref ref="console"/>
    </appender>
    <appender name="debug-INFO" class="ch.qos.logback.classic.AsyncAppender">
        <!-- 不丢失日志.默认的,如果队列的80%已满,则会丢弃TRACT、DEBUG、INFO级别的日志 -->
        <discardingThreshold>0</discardingThreshold>
        <!-- 更改默认的队列的深度,该值会影响性能.默认值为256 -->
        <queueSize>256</queueSize>
        <!-- 添加附加的appender,最多只能添加一个 -->
        <appender-ref ref="debug"/>
    </appender>
    <appender name="error-INFO" class="ch.qos.logback.classic.AsyncAppender">
        <!-- 不丢失日志.默认的,如果队列的80%已满,则会丢弃TRACT、DEBUG、INFO级别的日志 -->
        <discardingThreshold>0</discardingThreshold>
        <!-- 更改默认的队列的深度,该值会影响性能.默认值为256 -->
        <queueSize>256</queueSize>
        <!-- 添加附加的appender,最多只能添加一个 -->
        <appender-ref ref="error"/>
    </appender>
    <root level="info">
        <appender-ref ref="console"/>
        <appender-ref ref="debug"/>
        <appender-ref ref="error"/>
    </root>
</configuration>
